Time,Male,Female
1,0.620692058,0.60032665
2,0.244199045,0.247467535
3,0.135108897,0.152205815
4,0,0
5,0,0
