Time,Male,Female
0,0.43398533,0.392631579
1,0.187041565,0.195263158
2,0.187041565,0.195263158
3,0.09596577,0.108421053
4,0.09596577,0.108421053
